{
	"NInputs": 5,
	"NHiddens": 4,
	"NOutputs": 3,
	"NContexts": 0,
	"Regression": false,
	"InputActivations": [
		6.1,
		3,
		4.9,
		1.8,
		1
	],
	"HiddenActivations": [
		0.03566230843050252,
		0.24176751545500078,
		0.9999930552266486,
		1
	],
	"OutputActivations": [
		0.00002525106770223896,
		0.001686342908309896,
		0.9987265635601286
	],
	"Contexts": null,
	"InputWeights": [
		[
			9.29000312188551,
			3.05903289171965,
			-0.7647615264677059,
			0.9159078270750272
		],
		[
			16.990759685894695,
			4.8728331947843095,
			-2.799115399138868,
			-0.21349800154222665
		],
		[
			-17.039220260653547,
			-5.52283729102358,
			4.717331432305997,
			0.30808281846255947
		],
		[
			-19.340560684834255,
			-5.539787732752332,
			1.624959206262629,
			-0.6963131958361966
		],
		[
			7.366459163453156,
			2.611800037890177,
			-1.0999448588020864,
			-0.7243918767609479
		]
	],
	"OutputWeights": [
		[
			1.9528605431756798,
			12.604458842415072,
			-11.683792683611589
		],
		[
			2.0355702404395384,
			1.6063663876844978,
			-5.244382206033075
		],
		[
			-14.388693147243977,
			13.814668241781206,
			7.881981306115596
		],
		[
			3.2401981066930357,
			-21.035952469376248,
			0.4674296349808493
		]
	],
	"ContextWeights": null,
	"InputChanges": [
		[
			-0.000011476663170393696,
			-0.00001459888092363713,
			-1.1202686383856026e-9,
			0
		],
		[
			-0.000005644260575603457,
			-0.000007179777503428097,
			-5.509517893699685e-10,
			0
		],
		[
			-0.000009218958940152315,
			-0.000011726969922265892,
			-8.998879226376154e-10,
			0
		],
		[
			-0.0000033865563453620747,
			-0.0000043078665020568585,
			-3.3057107362198116e-10,
			0
		],
		[
			-0.0000018814201918678191,
			-0.0000023932591678093656,
			-1.836505964566562e-10,
			0
		]
	],
	"OutputChanges": [
		[
			-2.2738299253235478e-11,
			-1.0124375525874587e-7,
			5.7757794247962285e-8
		],
		[
			-1.5415104512485922e-10,
			-6.863675471805751e-7,
			3.9156069890157164e-7
		],
		[
			-6.375958916179551e-10,
			-0.0000028389371467949513,
			0.0000016195640628740446
		],
		[
			-6.376003196076635e-10,
			-0.000002838956862706917,
			0.0000016195753104575013
		]
	],
	"ContextChanges": null
}